customer_unique_id,value_tier,predicted_clv,future_6m_gmv,effective_risk_score,effective_risk_level,strategy_quadrant,allocated_budget
01c289bb06354cdc7e6549570f20ada4,Gold,8.175763765139665,168.36,0.2873501416842258,Low Risk,Protect,371.94798816162074
031ea691b99fc101dcad357d1a83573f,Gold,55.576511622633916,25.77,0.7087071859479365,Medium Risk,Protect,2528.3964019631244
041caba6a63ace5818387698ea85cdb2,Gold,8.494678520498926,51.73,0.6185595929226204,Medium Risk,Protect,386.456687906189
043aee247e71edff7045664609f4d806,Platinum,69.74981969134043,113.57,0.7418681564645034,Medium Risk,Protect,3173.1965176695253
04d3c2795b83634312bf3f86f41f7901,Gold,54.233415122481006,76.65,0.6675344859267309,Medium Risk,Protect,2467.2936040485306
05e52c1f96f8b83dd66dcdce679ff58d,Platinum,95.20313771428155,164.28,0.7449337716348561,Medium Risk,Protect,4331.169118472668
0621c2a5979d3e887ae519620cbe2926,Platinum,194.10819987198187,210.29,0.5852768445383689,Medium Risk,Protect,8830.75349313546
065938485846aa5adc196cb536de42e0,Gold,3.0236903755950273,0.0,0.2699556782678195,Low Risk,Protect,137.55969281079314
065dcef61d5f66b30d2ee51b5343d023,Platinum,81.77003568059837,102.92,0.6493906156049577,Medium Risk,Protect,3720.0439172404276
0751ebe1c05ef7a632934adae06c6d4a,Gold,29.56704584655691,96.69,0.6430727731731033,Medium Risk,Protect,1345.122429466549
09bc7afc3e8d8dccaffd0b16944a91fe,Gold,49.092434503735035,497.89,0.8705004030570047,High Risk,Retain,2791.762453661791
0a5fab743da859b3f10a409bbb132a5a,Gold,3.051043924124156,0.0,0.698434207658214,Medium Risk,Protect,138.8041144497685
0aadc1d26d1c8b88a52c39a533ccea93,Platinum,265.2121277485866,757.68,0.7306502201652726,Medium Risk,Protect,12065.553774041122
0abee71cd257861a0944e2a81cea4a50,Platinum,219.41713475694823,400.44,0.5882793487598423,Medium Risk,Protect,9982.157531142897
0b18593e033697810a62a987e77f4b8c,Gold,0.956917976405953,0.0,0.5124413434741321,Low Risk,Protect,43.534002006943176
0b3dc7efaafb0cf78a4796d42fa8d74c,Platinum,74.51134735014638,356.13,0.8526560195919571,High Risk,Retain,4237.271669386539
0b402d6dd50694a118c642448e2cb086,Platinum,89.5501979382614,57.59,0.607642628226559,Medium Risk,Protect,4073.9944205129864
0cc2ee1112a11a1094eff52fa2e87150,Platinum,198.9457213636269,460.42,0.6574873151678726,Medium Risk,Protect,9050.831572467689
0d6143cfe10640de5219d18623b3fd8c,Gold,7.819867806748256,0.0,0.4373501416842258,Low Risk,Protect,355.75686650972506
0dd933d1e0253343083013791bf5d5e9,Platinum,80.42903172697412,91.95,0.5292393309900468,Low Risk,Protect,3659.0363175842253
0ea353565cdde00e1d8352a08290a352,Platinum,76.77082544958236,49.0,0.7641916919240068,Medium Risk,Protect,3492.6099745240517
0f0e48a91c9c285404572b095bcb373c,Gold,20.53108275776725,125.15,0.8074991339804416,High Risk,Retain,1167.5506940238774
0ffc908947e1f0c9f17647058b9a58c2,Platinum,78.2303378565119,233.81,0.5323563696033887,Low Risk,Protect,3559.0089947316874
11b47516f8f6a42105b9807903ede333,Gold,1.2198337166456295,0.0,0.42022451500399616,Low Risk,Protect,55.495083986236445
125740359669fa63858476105a5d523d,Gold,37.60995642720244,208.74,0.7745873340521829,High Risk,Retain,2138.7829978024683
1291474366a550ebc251d9187e763d62,Platinum,84.0025002159091,99.94,0.7750835950035866,High Risk,Retain,4777.009502322587
12d8b5ed661190a3a08183644dfc504d,Gold,15.831749326059121,0.0,0.5397932863474533,Low Risk,Protect,720.249199960365
14d46ad43ae7e3cd6944258b9840373b,Gold,16.5459213548505,0.0,0.8019726803749183,High Risk,Retain,940.9246550239441
1590457b4be348b165ff7030a6f94dce,Platinum,81.41700998899255,108.44,0.8383163885323289,High Risk,Retain,4629.979219290566
165d93a9d1da194b47da42c9cf810ebd,Platinum,109.27314429039004,90.3,0.5730642107175696,Medium Risk,Protect,4971.26963871011
172e5ceb39fc662dc3cd66286385e91c,Gold,3.1294113546511193,0.0,0.49149168059289394,Low Risk,Protect,142.36936033495238
17a2d93cb1aab45e3d21d5eba7daaed2,Gold,25.58638820457297,167.81,0.16502942672382473,Low Risk,Protect,1164.0264922515855
18753de7f8b65856d23473280e71ceb2,Gold,0.8546450041139886,0.0,0.083493787691637,Low Risk,Protect,38.88119801454999
18e3d276253780b44b5b7bf83f6785ec,Platinum,70.12275192872818,71.97,0.6084947417177481,Medium Risk,Protect,3190.162687363472
194be31520cde5c527bad17720119e85,Platinum,147.69135412657496,101.25,0.6779372972657092,Medium Risk,Protect,6719.066696921204
1b6e96ed99cb8d135efe220d761bbd67,Gold,4.046870148132752,0.0,0.4812468211872411,Low Risk,Protect,184.1082072805688
1c4531b533d17f3b316de441268e513c,Gold,30.35341790956988,14.08,0.5719006305305351,Medium Risk,Protect,1380.8976200403413
1d72aaec15863f7532b2dbf4a5c4247d,Platinum,115.36247548778798,133.18,0.7168078852876786,Medium Risk,Protect,5248.29751686129
1da09dd64e235e7c2f29a4faff33535c,Gold,6.736719915634157,859.36,0.32393333384726475,Low Risk,Protect,306.48016398326587
1fbd81e4d0a0cf9125ca038b43533b7f,Gold,1.8311400419946846,0.0,0.453335028700138,Low Risk,Protect,83.30583835680012
20282afdbe6cf22d5f5a956d8b5a3f78,Gold,2.0681972317257036,0.0,0.16502942672382473,Low Risk,Protect,94.09051209892286
2280ecb8db2591c39d1c7d3e9caa115c,Platinum,64.90144108133656,86.43,0.5054479895657888,Low Risk,Protect,2952.624504871652
22f5499bc63c8ebcacf51cf02585eb37,Gold,0.9498308589653386,0.0,0.448692145607789,Low Risk,Protect,43.21158086689735
24fb2954f8c6cdb4b900ed8db6dc88e2,Platinum,75.73196583784335,71.65,0.46180419897454156,Low Risk,Protect,3445.3481218496563
27259fad9054fce994a70f1d117bc402,Platinum,134.63652973736976,155.26,0.6577137333935954,Medium Risk,Protect,6125.150849196709
27e86d2ae0db33b8d242c9251067d97e,Gold,51.22205816840649,22.78,0.7462328729240868,Medium Risk,Protect,2330.295007601757
281e1e72207e518c29b249a1361a775d,Platinum,110.0956627982798,161.71,0.6876900773414578,Medium Risk,Protect,5008.689274725004
28ad66c8baf13c85d2a936d0b06e73f6,Gold,4.904314546611811,100.53,0.5844292668749546,Medium Risk,Protect,223.11676087094875
2b174670dbec666bbc68b6e2a4062740,Platinum,80.62816085882129,75.03,0.7198644635568678,Medium Risk,Protect,3668.0954932285526
2b775b75afa0be08220fb73a7e68df3b,Gold,58.70942652206186,54.1,0.5181415016317525,Low Risk,Protect,2670.9251524747756
2b952792a20f6076f6e7a9c6a27ade02,Gold,29.826686921176332,82.6,0.4826987736251931,Low Risk,Protect,1356.9345338916535
2bd9d2f3cc5d99b1b3d9ff5acd81bd5e,Gold,56.95254509133092,55.01,0.6360605453190995,Medium Risk,Protect,2590.9976334844177
2dc7f51f05ba1b1a92608e45e55d1fe1,Gold,3.4459516625228854,67.43,0.716311850613965,Medium Risk,Protect,156.77003702609844
2e0a2166aa23da2472c6a60c4af6f7a6,Platinum,122.07149779279848,136.1,0.7413904035804537,Medium Risk,Protect,5553.51760645343
2fe074ea3cc24b8fd57d29effc995f8b,Platinum,67.60104672495856,31.75,0.6504789560987285,Medium Risk,Protect,3075.4402951537
310647380793836bfa5b7b6b3f518423,Platinum,445.10641167995215,342.82,0.5992425537354529,Medium Risk,Protect,20249.65973798145
313febe2adc914a7cb3f6e903f8e13cf,Gold,1.467215319552476,0.0,0.2351812831504759,Low Risk,Protect,66.74945631799702
31d332d20895c5c0baefe55207a0fead,Gold,4.105433640497154,0.0,0.2560851558526484,Low Risk,Protect,186.77249330819788
31d958dffbf0b744375b5ff0393e6fb3,Platinum,130.62822108161365,69.91,0.6955657014615444,Medium Risk,Protect,5942.79695746659
32ea3bdedab835c3aa6cb68ce66565ef,Gold,12.620833623752821,56.78,0.7181194330769848,Medium Risk,Protect,574.1718829124226
339c527109c4c03e8e09bd4b593dab5f,Platinum,147.60363992662013,308.27,0.7397941800974553,Medium Risk,Protect,6715.076229346112
340d924858c395848c127b3e772b6bfd,Gold,21.947371961579613,0.0,0.15277192472571385,Low Risk,Protect,998.4731801267802
346534c8088852932d947f4b8fea3959,Gold,27.598436741211582,103.73,0.6644211491915055,Medium Risk,Protect,1255.5625770486101
3504bea0c72ad9e945b63f889702d2d4,Gold,13.142089623092145,131.44,0.31023759354791836,Low Risk,Protect,597.8858900487485
35de25c73544f00e8adde226a4d1bdcc,Platinum,91.14540808880093,90.17,0.6796991175535958,Medium Risk,Protect,4146.566870406668
35e9d2caa31b87cc3d1ad10d72271140,Gold,55.807597306078236,66.72,0.6022664411178184,Medium Risk,Protect,2538.9094081505773
3724bfc68569cc4df876284536b8add9,Platinum,93.67268239627978,338.64,0.6256294428498061,Medium Risk,Protect,4261.542623278517
37f8e7062a53c1a0fca4f59f4c6b1429,Platinum,93.33022997296275,95.31,0.7460190283841028,Medium Risk,Protect,4245.963101468341
3871b0ab0166a2f441fa762f5206cacc,Platinum,204.70227628067346,275.47,0.5490894466329044,Medium Risk,Protect,9312.72013500993
39ce02a045b8e7b0329984df3109957b,Gold,37.347212523622716,56.78,0.5200102741204259,Low Risk,Protect,1699.0731337953052
3a2d236fc85fdf338f179ca0cd725433,Gold,21.977651327811518,46.69,0.6316556126054127,Medium Risk,Protect,999.8507088416861
3ad4f7f719b511802d7a94093d055e72,Gold,1.1629436860816167,0.0,0.8961926905471189,High Risk,Retain,66.1336629838288
3be412c1321c061d6f85c5e41530ce2d,Gold,0.9161881045142852,0.0,0.15561469156433916,Low Risk,Protect,41.681038254152114
3d50a44231c2a153219cef76ee3e445d,Gold,2.5911240617176143,0.0,0.5286347453316864,Low Risk,Protect,117.88053196233342
3db6e5afa8e8178a29afc729855315e2,Platinum,459.7084333906102,693.74,0.5456057888302183,Medium Risk,Protect,20913.963741178002
3e5306add1209e5ba184092dd1587282,Gold,5.911724113100208,54.5,0.6419778501645701,Medium Risk,Protect,268.9478259890256
3e6658866cc636c1762c080ed56f44e6,Gold,1.2194366583622194,0.0,0.6665897696723098,Medium Risk,Protect,55.47702022682023
409379e6e577c89589dade402e6c2522,Gold,0.9735501801268596,0.0,0.33543922110005087,Low Risk,Protect,44.29066705872256
4191bcfd448dc07138d2951ea4d10008,Platinum,66.11573040394015,72.73,0.5711853392391283,Medium Risk,Protect,3007.867352336781
43255e3df6cda368809baa2fc72872c8,Gold,2.1278964264889804,0.0,0.17863474533168638,Low Risk,Protect,96.80646574251377
44eadd61f5969a169e595dc9b9dd4d3b,Gold,1.4549717223688572,0.0,0.816112039526266,High Risk,Retain,82.7405580250856
455c17b35969ca198c17f2fc9e8eba1b,Gold,6.199916956671474,214.14,0.728690646041578,Medium Risk,Protect,282.058863862449
45ca4053806ecd0f595c633184e0ff61,Gold,0.817430699228475,0.0,0.09524267964833248,Low Risk,Protect,37.18817137745225
45cfc55a4d5073c50be858369454fc0e,Gold,1.3368847858759794,0.0,0.083493787691637,Low Risk,Protect,60.820202343744604
483b26e1bf0f4797e5512d8849d90835,Gold,33.063202064392875,0.0,0.6383473806582867,Medium Risk,Protect,1504.1764712513063
485b849ef839f0f401da8bfdc7ac2781,Gold,5.096348459921202,0.0,0.15277192472571385,Low Risk,Protect,231.85314682412223
4897a3c64a635a703a71dd2d9189bffa,Platinum,136.32661002863136,190.87,0.6996599073611842,Medium Risk,Protect,6202.039318852194
48fd7dec70f2b104a1d5e8c5c639102b,Platinum,86.18152998866967,45.5,0.5598199483629824,Medium Risk,Protect,3920.7403267514146
4962136f755981b83b03f476e66eea7d,Platinum,128.9386330932613,163.53,0.7481391940175981,Medium Risk,Protect,5865.9308846271
49d1599dd80dedc213037342bbe43fd7,Gold,7.834662114379329,77.8,0.2926142556128751,Low Risk,Protect,356.42991836367963
49e6749fd8bf4a9218457eb19a92e200,Gold,9.761013362315616,257.1,0.5386289326454988,Low Risk,Protect,444.0672928946804
4b384b778ebc0449d0244902bfce7beb,Platinum,70.66921414342703,102.84,0.5224016789185693,Low Risk,Protect,3215.0234254183356
4bbaf6f7a10a7e26a8777aa5cb6d5864,Gold,16.583169730254124,220.4,0.5878821851786086,Medium Risk,Protect,754.4343006595348
4c116f8ddec984371284ab7bc860001a,Gold,7.663731884658256,35.09,0.6082806245585058,Medium Risk,Protect,348.65362285330286
4e23e1826902ec9f208e8cc61329b494,Gold,0.938330697496504,0.0,0.7709819806728183,High Risk,Retain,53.360491018014535
4e39429218dac10ad4e57dafee3d92d4,Platinum,63.87308077721559,58.99,0.5601534753286562,Medium Risk,Protect,2905.840307430187
4e65032f1f574189fb793bac5a867bbc,Gold,23.16397367373392,40.56,0.3216153863862638,Low Risk,Protect,1053.8212273831393
4ef6c02126b21225e011b242f9f79c6f,Gold,7.478884448290719,223.48,0.5117343602412264,Low Risk,Protect,340.24417829878985
4facc2e6fbc2bffab2fea92d2b4aa7e4,Gold,4.687393016971816,0.0,0.05571823003705587,Low Risk,Protect,213.24813833533182
50ad9fb3ba7f8cf336529fe94a182996,Platinum,232.87931982760492,179.26,0.5258575965483147,Low Risk,Protect,10594.605835317283
51d121ddc025c1b70f8f62a1b727aecf,Platinum,176.35222521765448,224.6,0.5147345279555652,Low Risk,Protect,8022.963635179237
51dc56123336c573f2977f5da81b17b9,Platinum,237.11680534208048,537.79,0.655018112351233,Medium Risk,Protect,10787.385893211513
52597838f6c178b19b961b068d048c71,Gold,39.23817627891292,112.43,0.3812433630984034,Low Risk,Protect,1785.1005906386256
53beace9d0aa08b64d759d5f5a66550c,Gold,5.767493912543992,189.35,0.5564048535929667,Medium Risk,Protect,262.3862209243378
544bd839b4e7f92a077c7bf2410f8b02,Platinum,81.13125533577255,94.12,0.7535567060023544,Medium Risk,Protect,3690.98326052867
549a24530925587e2faddb35f667e458,Gold,2.642612496887695,0.0,0.05571823003705587,Low Risk,Protect,120.2229455184539
54bf1780705493f3224d73bd48e53186,Gold,0.998142854031681,0.0,0.5123846545084647,Low Risk,Protect,45.40948553797162
54c7b4f48fb9e911bf328bf9884ca61d,Gold,5.67336637249752,92.37,0.5640271908102306,Medium Risk,Protect,258.1039850187252
56181f89940ab3c08ebc6e7749ec6f3d,Gold,0.8976819017296225,0.0,0.6665552568480708,Medium Risk,Protect,40.83911753677327
57017bffe1b59c7da66267b6d3fcd44d,Gold,55.165136492265795,99.72,0.7316387153746426,Medium Risk,Protect,2509.681312276634
574e36a816bf7a295404e686062fc0de,Gold,1.7838872672193062,0.0,0.1949556782678195,Low Risk,Protect,81.15612182662151
57b5d9f9fa4f1ff41befbfbf0fcbc3ca,Platinum,101.43582227621343,95.99,0.6202003147037992,Medium Risk,Protect,4614.718710932908
58075e17e770fc08571c3e0f452f6a11,Platinum,98.15298870233619,97.71,0.5786214542002508,Medium Risk,Protect,4465.3695640703945
58498d9dec038f925f6406ebdfdc36bb,Platinum,212.2237765183702,143.7,0.5315170508591125,Low Risk,Protect,9654.903074944794
5908f8630bbd5a8d5984b25f85588168,Platinum,93.53769816754281,145.66,0.5716427688476928,Medium Risk,Protect,4255.401654219902
593cb774409e5239a1946d1c88e0813d,Gold,5.558297573701251,81.3,0.6344574883711567,Medium Risk,Protect,252.86904802177602
59d1cfd58ed06d41f21cddc4c761f9bb,Gold,1.706782569151343,0.0,0.49802731962508173,Low Risk,Protect,77.64832265971415
59d66d72939bc9497e19d89c61a96d5f,Platinum,412.90325175400653,933.92,0.8117976480596378,High Risk,Retain,23480.76250229546
5d323409404dee6bdb0f6cf9ef828dae,Gold,2.4525272566276746,0.0,0.3521107316718738,Low Risk,Protect,111.5752124472764
5ec4c90f549177a8cbbbc7419353e66a,Platinum,92.08234084812038,207.65,0.8526056450590842,High Risk,Retain,5236.489581821645
5fb5bf48cd408d971f873069e5178898,Platinum,168.31257060249408,150.68,0.6413903621190067,Medium Risk,Protect,7657.20779321453
615922c430abddd368735199c38e735d,Platinum,158.381142176523,256.58,0.5974861636219213,Medium Risk,Protect,7205.387641761321
636f22218f8430a8463c5ddc5f68fc62,Platinum,85.17437914506228,31.84,0.6600154973420981,Medium Risk,Protect,3874.921031965486
63cfc61cee11cbe306bff5857d00bfe4,Gold,29.0408684005484,84.3,0.18099849167559084,Low Risk,Protect,1321.184526161005
641584b3ec3027aaf8fa9c088f1a1a00,Gold,23.654639639192816,32.46,0.5257575282630734,Low Risk,Protect,1076.1435722984827
6419a1be8feac26ec793667b71cbaeb4,Gold,29.273482489953167,673.82,0.23171645356449216,Low Risk,Protect,1331.7670656102316
65663adf8c7a498b79e57ff84ab2b654,Gold,52.60996990961607,33.84,0.6875579577549904,Medium Risk,Protect,2393.4366289497134
65ab3020e6a929e4e9a4b61e643da832,Gold,36.741763085775816,113.92,0.8810859877301006,High Risk,Retain,2089.411040644189
664fe7916cb8709c6b848383c6361dcc,Platinum,100.13567733496917,103.23,0.7679235064683005,High Risk,Retain,5694.4624376794745
67466b5877fad6f2279c1fb634c9aa5c,Platinum,244.82090723671953,418.75,0.5030949734948462,Low Risk,Protect,11137.876108269014
6856178ce177496369e3a83fd143e621,Platinum,70.35240341311257,71.14,0.6861328175723539,Medium Risk,Protect,3200.6104461354807
6871b052a835417d6d2e11153e0d3c2c,Gold,1.5686960277608084,0.0,0.4259718084719901,Low Risk,Protect,71.36621706838066
688d5274462f91fa0332582b748ce41d,Gold,1.0103762466494954,0.0,0.6710455569279954,Medium Risk,Protect,45.96603118964378
69aab61687fa416ef601af332bd0ff0d,Gold,3.292446356988094,0.0,0.9756630095182737,High Risk,Retain,187.23308821516247
6bb0bebc0758e1a834cb5bf96b6d8feb,Gold,1.9813690552966796,0.0,0.30277192472571385,Low Risk,Protect,90.14035325551039
6bb535b0906b43e0041916897667aeed,Platinum,222.00957392626387,186.62,0.5866054803120044,Medium Risk,Protect,10100.097892576745
6c70bee45f245a4ebeddb2ece21b567d,Gold,20.54086951687292,293.39,0.7619759025049189,Medium Risk,Protect,934.4857937881881
6d3d5771a12f5e7d00729f940bb28fd2,Gold,7.207085177749374,220.85,0.47738312792886994,Low Risk,Protect,327.8789492185777
6e1512c1c3221bd24fa4848202727ab3,Gold,8.334483787265595,77.6,0.16502942672382473,Low Risk,Protect,379.1687927991553
6faa792efdf7c9c6eb7cfdf68aa5e581,Platinum,98.26139028747984,125.94,0.8065744233549198,High Risk,Retain,5587.876478774397
718d5855edf637b8e2f213db87dab93d,Gold,33.578546145361486,33.09,0.6219070978377861,Medium Risk,Protect,1527.6215217240922
72d00a8f1948970fda6f797912a19f66,Gold,2.72209605528922,0.0,0.3498183535566374,Low Risk,Protect,123.83896849668983
7395a64f37a30f9827ca4d8292b484e8,Platinum,87.2793507864555,104.28,0.572478906291052,Medium Risk,Protect,3970.6845581196812
752041fd42cbe3a4f4dea0d68a0a6edd,Gold,1.242556134894543,0.0,0.7554348615854101,Medium Risk,Protect,56.5288171023872
7588c20c457369de8caad958afc1cc06,Gold,8.312849856889338,47.05,0.5494502384621205,Medium Risk,Protect,378.18457932251505
75b45ab225bf88fdd7f432507030a4b8,Platinum,109.5612969496996,121.78,0.7355051396215637,Medium Risk,Protect,4984.3788484417555
75ff587e87e047a7e00f75bbcab17c00,Platinum,114.93623134780488,99.95,0.7847241984361967,High Risk,Retain,6536.13247103837
771f344c1ac13d8ccdf2d14c48e2c6c3,Gold,27.360363745221914,38.11,0.8646330520339619,High Risk,Retain,1555.9146128030877
7779fdf670bfe673e064b9aa5447674e,Gold,2.9000396594666245,108.51,0.5555275818860118,Medium Risk,Protect,131.9343302856667
7828a4a1ee004bbe6665cbffbc4bf2d9,Gold,1.3574667511262173,0.0,0.5286347453316864,Low Risk,Protect,61.75655774577811
79b9e9b310f3094c2cad708eb17508c2,Gold,37.84175582694502,36.85,0.7788204884321887,High Risk,Retain,2151.9648427756165
7a311d62282fa63be12b02aef2fd21d1,Gold,5.080856764097041,108.51,0.36173436024122646,Low Risk,Protect,231.1483680095022
7afc250f9d980ea3ee0ce3b0245f1b04,Platinum,68.87354850906476,47.0,0.5535231072328917,Medium Risk,Protect,3133.331458857387
7ca5260cc576f40a29e0a40dd4d3fa0a,Gold,0.9801241573833679,0.0,0.7377098016420838,Medium Risk,Protect,44.58974341232323
7cc23ec3506e4e1e67d0702da04a734c,Platinum,98.490424280373,37.0,0.7649593175290048,High Risk,Retain,5600.90106206172
7d3d94b4740895a17760e976797f9f0e,Gold,57.38081847744039,50.8,0.561268642663348,Medium Risk,Protect,2610.4814919865184
7e69734dad7cfcbe95aa59f38095057d,Gold,1.079505472369533,0.0,0.30277192472571385,Low Risk,Protect,49.11099442101465
82809cee3c35eb89b4dd4d2d1a22eedf,Gold,0.9755151807619231,0.0,0.7783114146625009,High Risk,Retain,55.47507843435694
82cb8c783b1700af07ae77355cc81c70,Gold,1.9618883550561326,0.0,0.40149313376444085,Low Risk,Protect,89.25409877573367
83935d750c83951d7d0211a3c60e78fd,Platinum,102.26909003642344,136.99,0.6217402015197295,Medium Risk,Protect,4652.627373158639
84720447172b234e7504da52ee639435,Gold,0.9309622108582669,0.0,0.43777156143282714,Low Risk,Protect,42.35317107126709
857104e1bfb81cb14e88ff07d1b22c70,Platinum,127.95593819709833,170.53,0.7224488962728419,Medium Risk,Protect,5821.22418809032
8689b3e15d4b16cfd05ecf597a523453,Gold,6.27461035047471,81.11,0.4803175700496283,Low Risk,Protect,285.456963214651
86df00dc5fd68f4dd5d5945ca19f3ed6,Gold,57.076000757716436,1535.88,0.42602007260281094,Low Risk,Protect,2596.6141224215166
88083cd11e9ebe3f90c955770cf2bf76,Gold,1.0036663201991827,0.0,0.3150294267238247,Low Risk,Protect,45.660769966888324
88fcb680dc8cd2e540010c0750b78242,Gold,2.1864488116661245,0.0,0.5075274286129478,Low Risk,Protect,99.47024646004908
8ac0c45f8e89a3d25738b3700ee9e132,Platinum,85.27703766505442,62.01,0.6048376661928316,Medium Risk,Protect,3879.5913760551152
8bc85b1061383d0dcd4e995a726da763,Gold,26.928367825195107,96.8,0.3703465290899584,Low Risk,Protect,1225.0784788772985
8c21dd8c37144807c601f99f2a209dfb,Platinum,67.85900724410743,0.0,0.6838997539678261,Medium Risk,Protect,3087.1759444310997
8c532c86e424b28e85997dd891e26d5d,Gold,54.65386663709109,64.0,0.5450187028787341,Medium Risk,Protect,2486.42161452818
8c8bc67c372d5c409fbf1a340205ddca,Gold,2.0005937176569333,0.0,0.16502942672382473,Low Risk,Protect,91.01495955449273
8d50f5eadf50201ccdcedfb9e2ac8455,Gold,37.63595705228736,403.43,0.1332598394105313,Low Risk,Protect,1712.209270016293
8dcf2096a68ce8212a3f534ab31ee23e,Gold,3.2005456793833753,59.1,0.5327544866671511,Low Risk,Protect,145.6055434896336
8e0275b5c7fb6f05e312a1079a674410,Gold,32.00064816232024,218.78,0.19376589406379421,Low Risk,Protect,1455.8366711369317
8e2055281d566229b5926cb77be54f81,Gold,26.98000831670707,50.0,0.6772404285034772,Medium Risk,Protect,1227.4278100807578
8f1794300ad248a55eae07168219ca15,Gold,1.780881391077977,0.0,0.37864564411828816,Low Risk,Protect,81.01937257412996
8f3dca4306d5a89e4ae2c65c110603a2,Gold,33.506176418435835,31.4,0.6476261853383041,Medium Risk,Protect,1524.3291352135407
8f6ce2295bdbec03cd50e34b4bd7ba0a,Gold,1.0999912090829018,0.0,0.6197413354646516,Medium Risk,Protect,50.042972004446696
8f710f0d7e8dab5c8c1135e63b44de7a,Gold,59.655209777417355,58.16,0.7356149694859249,Medium Risk,Protect,2713.952591766304
8f9c0dc510c12654a35d2add7a6c5d34,Platinum,82.78385671252639,77.57,0.5444932214520867,Medium Risk,Protect,3766.166665403653
9066d003674f53303ec2ac527e940a5d,Gold,55.21988935384113,36.1,0.8458598342698964,High Risk,Retain,3140.215296955447
9077449283dc1319d5e51fb3159b28e2,Platinum,120.96150713725628,127.86,0.5198733522762037,Low Risk,Protect,5503.019719886857
90c205b0bed658a20ba141d2960d6811,Gold,53.78197168038408,54.1,0.6977519211456485,Medium Risk,Protect,2446.7556476104214
9194f9aedc33b4f984bcdcc7da7461f4,Gold,1.0417288069479889,0.0,0.1949556782678195,Low Risk,Protect,47.392383768036964
91def939002d33dcbf6a038b5c879f7b,Gold,3.1955325057584387,156.16,0.40149313376444085,Low Risk,Protect,145.3774742966304
928616c185852cc998407c716a6f69bc,Platinum,286.0594706699662,264.88,0.7415146177916636,Medium Risk,Protect,13013.982261075576
929b8bad532f969fc414b7831ff3360d,Platinum,110.19435342021073,178.27,0.6089525036264973,Medium Risk,Protect,5013.179103361461
93360190b9375a40b65720ee99387a4a,Gold,5.273438028588653,21.1,0.31757262549295484,Low Risk,Protect,239.90965514339635
94e5ea5a8c1bf546db2739673060c43f,Gold,0.8430677640280744,0.0,0.7709819806728183,High Risk,Retain,47.943129186781476
95160caf14611a705759de6bf13555b6,Platinum,121.41250967390945,185.55,0.6793907024212478,Medium Risk,Protect,5523.537617783956
95ec7fc6a1605502060075958c3f9852,Platinum,70.88630215855908,73.34,0.6374371735717421,Medium Risk,Protect,3224.899622040681
9620e26af0dfec5a16a52cd2afa81717,Platinum,120.09719514155351,167.29,0.7718493078450757,High Risk,Retain,6829.623415004475
967eb85deeab5124df2165cdada917f3,Gold,16.348486960273938,90.75,0.158493787691637,Low Risk,Protect,743.7576487089833
967ee07cb69460a7e1d42c7747142572,Platinum,196.27277785795738,101.01,0.8034110757284503,High Risk,Retain,11161.535936011851
969e62a47aec03c735127e6f11ad6564,Platinum,130.2633582456105,218.25,0.6860960045614202,Medium Risk,Protect,5926.197896913379
974148f722b785f187ae13ec0040abcf,Gold,63.26504969508893,277.48,0.7886876722361382,High Risk,Retain,3597.723196114037
976a39626eb2337ee3258d4ad73f1543,Gold,2.035049442533072,0.0,0.8082431155997966,High Risk,Retain,115.72810927877165
97f0fce3f9d7aad1b12499a4e4b10d07,Gold,1.280863675527911,203.09,0.822937709498125,High Risk,Retain,72.83947422338575
98758d88bf4b8eef1372ddee45d63178,Platinum,138.17790208515052,144.57,0.7460494323883045,Medium Risk,Protect,6286.261952443679
9910e92c18776a14048773cef6592b91,Platinum,81.39201722053174,77.53,0.7169049006316017,Medium Risk,Protect,3702.8463550616802
996fdddf8cd5bbb99b221fcaf5ba1359,Platinum,83.34849517808735,62.62,0.6591892144198906,Medium Risk,Protect,3791.8543133515486
99b026061fefe9ff09cdd0e745a9233e,Platinum,124.72870045012115,180.51,0.5852837507016838,Medium Risk,Protect,5674.404316358508
99b8ee09d642ffedf091951a7235faa0,Gold,1.4693538731075506,0.0,0.19981835355663735,Low Risk,Protect,66.84674761887554
99d697dd68fad729283560abe0adae43,Gold,1.08251701923048,0.0,0.5286347453316864,Low Risk,Protect,49.24800165707984
9a57feadf40027e677c373d70108d57f,Gold,4.153461513876807,0.0,0.4296646806655525,Low Risk,Protect,188.95747215450604
9bff551dd73fdb455a7c2ceb6bed2d39,Platinum,98.57027179934911,84.43,0.8131830182506564,High Risk,Retain,5605.441788300883
9c760a39c48113c1450dd5b65958d7fa,Platinum,69.86805469802849,77.57,0.5507062706722404,Medium Risk,Protect,3178.5754980475313
9d31457a03125fc870787a251760315a,Platinum,185.71805152857823,105.17,0.5623814238140932,Medium Risk,Protect,8449.052298439403
9d62781deeb1060adc0f47a86d4a2ef3,Gold,2.849965296319239,0.0,0.603335028700138,Medium Risk,Protect,129.65624848607274
9d8130e675ce6c1f24cd519444f7642b,Platinum,103.32022093937725,149.04,0.765101681016404,High Risk,Retain,5875.55936955314
9fe8cb705d35cf54025160f9f01b7cc4,Gold,12.820144740027846,113.56,0.18305965269200028,Low Risk,Protect,583.2393377516679
a0abd26659c9914690cbd3320d39fd96,Gold,5.468599539301828,0.0,0.17707258591876768,Low Risk,Protect,248.78832793307035
a2370b590b2453d5a748d4c4c35f900b,Gold,35.5125283437147,32.0,0.6595937274834924,Medium Risk,Protect,1615.6060585186895
a262442e3ab89611b44877c7aaf77468,Gold,5.962494833385027,0.0,0.8961926905471189,High Risk,Retain,339.0719848030818
a4030b5e97ffc14114e66d82df860f6f,Gold,0.9234082158579906,0.0,0.491190147496912,Low Risk,Protect,42.00950981543239
a43931660f8bbcc1c64db8ddf4b10dff,Gold,51.59494564494879,37.68,0.5393820630492318,Low Risk,Protect,2347.2591409469433
a4e71a98a7a1490fff07e7a65cf06be2,Platinum,64.26717899657179,88.56,0.735149917100138,Medium Risk,Protect,2923.7694017678473
a66315c850c3712707754c1eca7a8069,Gold,2.303274814939104,0.0,0.30364564411828815,Low Risk,Protect,104.78512567263421
a7657330b1c135f3acd420326e335b2c,Gold,50.390128001695416,218.24,0.38993192286668493,Low Risk,Protect,2292.4471978205434
a8cb771f0d1d230407948d4ce2af5c3e,Gold,54.38888734430894,254.52,0.7348166147790693,Medium Risk,Protect,2474.3666533421615
ac987d464574ee0f743f9b630f937a27,Platinum,185.021788465257,343.58,0.46355326793507035,Low Risk,Protect,8417.376524398842
ad6347b3d1ee0be630742d96abcbd9bb,Gold,2.264673291955866,0.0,0.38061469156433914,Low Risk,Protect,103.02898897078755
ae207cf8119fd10e3b9ac24570089fad,Platinum,121.96905907701124,131.41,0.552403827804387,Medium Risk,Protect,5548.85726213069
ae74c314b9c383e5d7bcd99d54ffbc71,Gold,3.020852811131295,0.0,0.656094600796066,Medium Risk,Protect,137.43060072546842
ae7b79796d47ab59f417a154efcdbb77,Platinum,84.08453013748637,44.99,0.7360122278444021,Medium Risk,Protect,3825.3394690176633
af70cd6337ae27de089c616dad39bea0,Gold,1.8118182608924083,0.0,0.2748183535566373,Low Risk,Protect,82.42681374024579
afc79cb8de7d350f1909eb6dcd0cb8dc,Gold,0.9147079002204386,0.0,0.6665552568480708,Medium Risk,Protect,41.613697877768935
b045295488236fa73d8d9c37dc4b03e7,Platinum,92.7265662201657,96.33,0.6059496445951811,Medium Risk,Protect,4218.500038098489
b26fa76ddf33e534491e4ec46f51bc64,Platinum,114.27724581099821,163.72,0.5747113563927619,Medium Risk,Protect,5198.926105630411
b39dde6dd619943190a8cc9aa6db38a4,Gold,7.998350277500419,0.0,0.45026395493074345,Low Risk,Protect,363.87674348090724
b56c60ed244eed72ff5640a41bf254d5,Platinum,82.92948867668822,65.0,0.7290309549529255,Medium Risk,Protect,3772.7920422660554
b824f6981f2ee1c30533c4138572428c,Platinum,113.41948384833601,88.65,0.8505965911357048,High Risk,Retain,6449.878880978981
b8b3c435a58aebd788a477bed8342910,Platinum,461.1439591049576,738.25,0.5140711252084549,Low Risk,Protect,20979.271511405226
ba54ee5be417c0558c060a3186451248,Platinum,76.61953366184649,202.76,0.6117510171621966,Medium Risk,Protect,3485.727109792359
ba77e9b6506636dcbd03e463d4786f24,Platinum,123.22446823739288,167.35,0.7068072260750491,Medium Risk,Protect,5605.9708144466995
bb656eab01a34ac497457c5a92f5bd07,Platinum,121.72693699519003,181.51,0.6749373874823201,Medium Risk,Protect,5537.842166317027
bc7b9e0d078c0c01f622b38cfcd7ee9c,Gold,3.2478304129303854,184.73,0.7788930114796815,High Risk,Retain,184.69589243919194
bcc9a08b533971412be737fd5bd918b3,Gold,31.88731067010842,359.19,0.6643973630760607,Medium Risk,Protect,1450.6804981575688
bd8483bb4a89a0734108e6d2d979e707,Gold,1.3466098416985481,0.0,0.5560851558526484,Medium Risk,Protect,61.262633785243345
beceaa52fb2f761e647222b3cf7ce0b2,Gold,2.8997089358424457,0.0,0.6361549080868996,Medium Risk,Protect,131.9192843535453
bf482716881b0c14af9efda1fc58a649,Gold,1.1635584990013097,0.0,0.3047446051006321,Low Risk,Protect,52.93490067034723
bf6656ef50e6fd00e7517b01d615b4f3,Platinum,195.6418880467466,124.53,0.48894125926910204,Low Risk,Protect,8900.527063832713
bfb33fedf91eb21f6d32ad5345989a6e,Platinum,85.47168028907144,93.78,0.5603618633535743,Medium Risk,Protect,3888.4464426266723
bfcdddab5a2fe5dd1d1b8330795f4061,Gold,13.02664301174901,67.43,0.20571823003705586,Low Risk,Protect,592.6337648574304
bfe1ecef0f01ad67e5e0cf1860e94e60,Platinum,70.58981298655571,29.59,0.6158140574378584,Medium Risk,Protect,3211.411151213213
c0fcb07a9959ae14f01bad208e445cc4,Platinum,273.661488179238,328.51,0.7985495566000764,High Risk,Retain,15562.435952404856
c35ffdd9679e194c3673533720b5e00c,Platinum,272.0028309046866,379.67,0.708688071606739,Medium Risk,Protect,12374.489850188987
c45ece361aab055ea6c55b61eb2d99c0,Gold,14.478885008452131,31.75,0.6026644274285715,Medium Risk,Protect,658.7020252076992
c644c379a96ef9468f073699ae37a84b,Gold,1.6305191346145902,0.0,0.6147932863474533,Medium Risk,Protect,74.17879591443447
c658495c41a24ef33a852db6840738a1,Gold,4.430361593388749,0.0,0.7697413354646516,High Risk,Retain,251.94344663487647
c9b3b24308b1a4587ffa3e60fafc2b1f,Platinum,348.30315787661834,453.8,0.6782989143056197,Medium Risk,Protect,15845.694978973559
ca0cd77819a2427d6ca0e0d0e92de58b,Gold,59.52377074855573,50.0,0.7000773671822436,Medium Risk,Protect,2707.972907940378
ca6d9bc2e717c2a0aa19d77a3bfa5398,Platinum,121.65826578713666,419.04,0.7669298139551857,High Risk,Retain,6918.3975501621235
cecc19ff12c206e6368dd1e9c22a848d,Gold,1.2851238448855864,0.0,0.6375905531108488,Medium Risk,Protect,58.46539141478668
cef29e793e232d30250331804cdb7000,Gold,5.747974641305837,0.0,0.5344768803335833,Low Risk,Protect,261.4982116965799
d059a0ec4c911c7abb10602099670325,Platinum,113.98682572572434,245.86,0.8844061265983489,High Risk,Retain,6482.142177099736
d0813c57df04369487ff42ab24dd0ac7,Gold,51.89169910288551,41.38,0.6517156817780942,Medium Risk,Protect,2360.759635191921
d0b4d070b79dfda98aed0d61463d99ec,Gold,0.860800586782295,0.0,0.7064048535929666,Medium Risk,Protect,39.161239935428554
d0bd25a13b24e8d59a11adda68bd3ecd,Gold,3.6504855872511373,0.0,0.308493787691637,Low Risk,Protect,166.07509817987727
d270eb25f6d487d94778d358b01c651f,Gold,24.004745768002618,28.96,0.5915411547074649,Medium Risk,Protect,1092.0712915910956
d35b852498996bd67a141c266e92f35b,Gold,2.6582771640264817,0.0,0.3437658940637942,Low Risk,Protect,120.93559348564887
d44ccec15f5f86d14d6a2cfa67da1975,Gold,58.06669052756024,305.45,0.4856680032098628,Low Risk,Protect,2641.6845375375788
d5f79f616536f08c3946ee6ac810a43a,Gold,4.049197138309669,87.64,0.7367443465097496,Medium Risk,Protect,184.21407131231427
d7b4f3c9c89ba771ef099693c61d7085,Gold,4.282469700764309,43.1,0.7485577272397006,Medium Risk,Protect,194.82656731767398
d7c6335139cb055ed0ce1125ddc788d8,Platinum,370.6582013767792,299.76,0.44808823058765834,Low Risk,Protect,16862.714757676556
d8a89dc47bde7dc0b83a3434cc017ee1,Platinum,191.4187727361207,254.04,0.7279774328528505,Medium Risk,Protect,8708.400763625823
d8f979fcfc0ce686f6abf5af5f5217d4,Platinum,197.49149416722366,192.35,0.6478477393772993,Medium Risk,Protect,8984.672997492908
da1e7179b9c5a1494d78528cbcf05aa0,Platinum,439.1009972746138,1391.79,0.6344347290110239,Medium Risk,Protect,19976.44956822745
da29b8a3970adddb9ed2dc8a492065af,Gold,59.65653698007032,35.0,0.5657085963647719,Medium Risk,Protect,2714.0129714899404
da2b78576894a7f95d45bfd20250cc54,Gold,34.105339353666444,300.12,0.4742598736041783,Low Risk,Protect,1551.5874385038426
da938ecdfde4d90f6c247bfa5233c66a,Platinum,69.95877738595648,129.59,0.5654535553752931,Medium Risk,Protect,3182.702833697726
dc48b0a1b0e6abb6586f322c189f6b93,Gold,14.918009594377162,129.95,0.4793561561909934,Low Risk,Protect,678.6795479173869
dc591097f939fa6a57749d030d937500,Gold,7.416580275054406,0.0,0.3202426796483325,Low Risk,Protect,337.4097138310015
e016365b624d1755f3e2d0e8f1631ebb,Gold,2.6592710451909323,0.0,0.35466468066555257,Low Risk,Protect,120.98080908998975
e0233c751408137ec5cdde0c37e6a61a,Gold,11.009718611211879,60.85,0.37864564411828816,Low Risk,Protect,500.8758576325934
e06e62694cd8ce637a1c3f4a624c647e,Platinum,203.1420681182671,331.4,0.6918000509109636,Medium Risk,Protect,9241.740064671452
e10b68125f54adc15562b1fa412e655a,Gold,1.0591804016442716,0.0,0.2766439003124319,Low Risk,Protect,48.18632617194686
e14705d2e06ab8ee7c665f21c72f874f,Platinum,199.03025602750418,175.87,0.5987046775285679,Medium Risk,Protect,9054.677390309582
e1b59a2032b34097d0c1c8d320f40832,Platinum,90.26235295036838,66.6,0.8888886870595073,High Risk,Retain,5132.991478082741
e226254ce0c6d5b7a7ef7218c9b5b518,Gold,6.548777484005356,115.8,0.21235014168422583,Low Risk,Protect,297.9299157932925
e2889baccec81ed3bed4d66c1c675cb2,Platinum,182.32635922674012,116.33,0.5981998535598629,Medium Risk,Protect,8294.750735384103
e2af42f42a86805055a8e71af58ee71e,Platinum,64.44688076670057,44.09,0.6130634956219123,Medium Risk,Protect,2931.9447495137642
e30b83af13d6ff0b0f427b2a67c43b39,Platinum,215.19265632656303,271.54,0.5345476341734859,Low Risk,Protect,9789.969217200449
e374f0ed9ec35b9af339460a75c4d096,Gold,9.178347947313082,0.0,0.49140449030007993,Low Risk,Protect,417.559527368771
e38a9d13896946501404c6d82790728c,Gold,10.022980781991434,262.16,0.5241335464651602,Low Risk,Protect,455.98523200243375
e45b0c7dd75287df589a26fdb7c2fcaf,Gold,1.9368188001451596,0.0,0.17433699048172635,Low Risk,Protect,88.11358508415634
e53fd5575f1418397aae732c5755b6fc,Gold,0.9764539398790486,0.0,0.39104483034222187,Low Risk,Protect,44.422770630811634
e6da0e9bb3545f5468975a2cf67ce246,Gold,1.4570241026998407,0.0,0.6960800697522342,Medium Risk,Protect,66.28581735848854
e8bab621313ad2a3c0ce8e3a023ff9bb,Platinum,229.1289567659872,267.28,0.6368253252919894,Medium Risk,Protect,10423.986913866516
e9b87dccd9c326a3325385087eb0150c,Platinum,457.41802031514294,417.74,0.5398503446847143,Low Risk,Protect,20809.763747152785
eac6dbc8ecd0a2f08ed8e53d18f0e0d0,Platinum,118.37961539883126,194.87,0.8079669143070924,High Risk,Retain,6731.949003756093
eb28e67c4c0b83846050ddfb8a35d051,Platinum,88.6424045212023,24.73,0.7008001180216942,Medium Risk,Protect,4032.6952899557664
eb8367e178d144706a4ff3da62d284cb,Gold,53.79383691352198,54.79,0.5475804686730468,Medium Risk,Protect,2447.2954442241066
eb89ecac165940c95a05cb77e89a789d,Gold,17.19528273412453,83.74,0.46737811523650363,Low Risk,Protect,782.2817540421697
ebad8517c448bbd20ca1910bf1a33819,Platinum,126.72716302338806,117.85,0.6996392203765041,Medium Risk,Protect,5765.322321684488
ec9c7ebb2a345ccd42c46b94ecb4d319,Gold,4.565645858612462,0.0,0.9843602412264767,High Risk,Retain,259.63672027348673
ecdbc4bf2201c807294c7d8c4b777032,Platinum,417.0737239569744,1223.06,0.7340860411562766,Medium Risk,Protect,18974.341357846428
ed7ecb1bd52fef9f35d06b0f09c79539,Gold,2.781851787196827,64.0,0.5757320351667514,Medium Risk,Protect,126.55749423968258
eddc1407b097ef7952deb24806c9059b,Gold,22.496740477647865,122.92,0.8047075163745931,High Risk,Retain,1279.332671727502
efb164704e9f4fc3867f6f59f5f6dbd6,Gold,3.5781677050387657,0.0,0.7319007483833466,Medium Risk,Protect,162.7850702913891
f043529722a354cd3f185270e0c6aa15,Gold,35.97113458899689,37.11,0.7399159524493272,Medium Risk,Protect,1636.4698793421805
f0e310a6839dce9de1638e0fe5ab282a,Gold,5.896702993025336,201.73,0.30529914933578284,Low Risk,Protect,268.26445553553907
f11821d908830e74ad782532ebed897a,Platinum,83.15778889920712,76.76,0.5556982837756036,Medium Risk,Protect,3783.178326765226
f1a325803dd4c341c5a946ac84c71973,Platinum,134.18807974852558,202.74,0.7438011673371805,Medium Risk,Protect,6104.749076844516
f561632522774ab728bb93f8f3ab5e61,Gold,7.369720625453599,0.0,0.2699556782678195,Low Risk,Protect,335.27788212748595
f68cbab6cbaab1d6226e2dafed486578,Gold,1.6505139275151044,0.0,0.3264931337644409,Low Risk,Protect,75.08843851256886
f7d2fc6f0a2778f53d2a6bfc27bd0e8c,Platinum,188.39595840014022,179.86,0.6911961422007329,Medium Risk,Protect,8570.880925338904
fc19fe9ac733e36ff8227c29435c2030,Gold,0.885969361472235,0.0,0.7423472353411319,Medium Risk,Protect,40.30626752909906
fd0e843308b676214ea30ea480295e3e,Gold,0.948127868455092,0.0,0.8915897696723099,High Risk,Retain,53.917631325085885
fe59d5878cd80080edbd29b5a0a4e1cf,Gold,57.74710754923671,79.2,0.6173029552652205,Medium Risk,Protect,2627.145437674521
ff8892f7c26aa0446da53d01b18df463,Platinum,123.88230597168454,66.74,0.5641610130598022,Medium Risk,Protect,5635.898467548648
ff922bdd6bafcdf99cb90d7f39cea5b3,Platinum,96.60188615138766,100.18,0.7778279703909459,High Risk,Retain,5493.504680234112
